checkpoint,replay,backend,precision,training_seed,training_steps,learning_rate,sampled_rows,policy_kl,predicted_entropy,legal_mass,top1_agreement,value_mse,value_sign_accuracy,value_correlation,value_mean,value_std
generation-0000,generation-0004,cuda,f32,7,0,0,20000,2.398981,4.071565,0.129216,0.018400,0.963597,0.517100,0.010676,0.062293,0.073089
generation-0004,generation-0004,cuda,f32,7,27842,mixed,20000,2.227837,4.108022,0.139629,0.015550,0.956228,0.476900,NaN,-0.003405,0.000000
generation-0008,generation-0004,cuda,f32,7,55670,mixed,20000,2.227892,4.108129,0.139609,0.016500,0.956262,0.523100,0.000000,0.010605,0.000000
generation-0012,generation-0004,cuda,f32,7,83540,mixed,20000,2.227826,4.108011,0.139633,0.016200,0.956231,0.523100,NaN,0.008499,0.000000
gen0-plus-1,generation-0001,cuda,f32,7,1,0.001,20000,2.365033,4.173279,0.128239,0.016650,1.017625,0.478750,0.015925,-0.233724,0.085446
gen0-plus-1000,generation-0001,cuda,f32,7,1000,0.001,20000,0.943508,2.723962,0.659429,0.152500,0.851757,0.612800,0.336865,0.036116,0.291883
gen0-plus-1000,generation-0001,cuda,f32,8,1000,0.000998446,20000,2.321367,4.157803,0.134883,0.015450,0.957967,0.478300,0.000000,-0.011782,0.000000
gen0-plus-1000,generation-0001,cuda,f32,8,1000,0.0003,20000,0.739452,2.544147,0.736675,0.174950,0.838571,0.608500,0.366700,-0.095993,0.347897
gen0-plus-5000,generation-0001,cuda,f32,8,5000,0.0003,20000,0.261587,2.078783,0.952406,0.198700,0.793215,0.641400,0.416422,0.004967,0.368926
